[
  {
    "Id": "178826",
    "ThreadId": "53175",
    "Html": "<span style=\"font-size:10px\">\r\n<p>------ Build started: Project: Owlpal.Web, Configuration: Debug Any CPU ------</p>\r\n<p>C:\\Windows\\Microsoft.NET\\Framework\\v3.5\\Csc.exe /noconfig /nowarn:1701,1702 /errorreport:prompt /warn:4 /define:DEBUG;TRACE /reference:C:\\inetpub\\wwwroot\\Owlpal\\Controllers\\bin\\Owlpal.Controllers.dll /reference:C:\\inetpub\\wwwroot\\Owlpal\\Filters\\bin\\Debug\\Owlpal.Filters.dll /reference:C:\\Windows\\Microsoft.NET\\Framework\\v2.0.50727\\System.Configuration.dll /reference:&quot;C:\\Program Files\\Reference Assemblies\\Microsoft\\Framework\\v3.5\\System.Core.dll&quot; /reference:&quot;C:\\Program Files\\Reference Assemblies\\Microsoft\\Framework\\v3.5\\System.Data.DataSetExtensions.dll&quot; /reference:C:\\Windows\\Microsoft.NET\\Framework\\v2.0.50727\\System.Data.dll /reference:C:\\Windows\\Microsoft.NET\\Framework\\v2.0.50727\\System.dll /reference:C:\\Windows\\Microsoft.NET\\Framework\\v2.0.50727\\System.Drawing.dll /reference:C:\\Windows\\Microsoft.NET\\Framework\\v2.0.50727\\System.EnterpriseServices.dll /reference:&quot;C:\\Program Files\\Reference Assemblies\\Microsoft\\Framework\\v3.5\\System.Web.Abstractions.dll&quot; /reference:C:\\Windows\\Microsoft.NET\\Framework\\v2.0.50727\\System.Web.dll /reference:C:\\Windows\\Microsoft.NET\\Framework\\v2.0.50727\\System.Web.Mobile.dll /reference:&quot;C:\\Program Files\\Microsoft ASP.NET\\ASP.NET MVC 1.0\\Assemblies\\System.Web.Mvc.dll&quot; /reference:&quot;C:\\Program Files\\Reference Assemblies\\Microsoft\\Framework\\v3.5\\System.Web.Routing.dll&quot; /reference:C:\\Windows\\Microsoft.NET\\Framework\\v2.0.50727\\System.Web.Services.dll /reference:C:\\Windows\\Microsoft.NET\\Framework\\v2.0.50727\\System.Xml.dll /reference:&quot;C:\\Program Files\\Reference Assemblies\\Microsoft\\Framework\\v3.5\\System.Xml.Linq.dll&quot; /debug+ /debug:full /optimize- /out:obj\\Debug\\Web.dll /target:library Default.aspx.cs Global.asax.cs Properties\\AssemblyInfo.cs Views\\Blog\\Create.aspx.cs Views\\Blog\\List.aspx.cs Views\\Blog\\SelectTheme.aspx.cs Views\\Blog\\Edit.aspx.cs Views\\Dashboard\\Index.aspx.cs Views\\Entry\\Add.aspx.cs Views\\Entry\\Add.aspx.designer.cs Views\\Entry\\Edit.aspx.cs Views\\Entry\\Edit.aspx.designer.cs Views\\Home\\About.aspx.cs Views\\Home\\Index.aspx.cs Views\\Shared\\EntryForm.ascx.cs Views\\Shared\\EntryForm.ascx.designer.cs Views\\Shared\\Error.aspx.cs Views\\Shared\\Private.Master.cs Views\\Shared\\Public.Master.cs Views\\User\\Create.aspx.cs Views\\User\\List.aspx.cs Views\\User\\Login.aspx.cs Views\\User\\Signup.aspx.cs Views\\User\\Update.aspx.cs</p>\r\n<p>error CS1504: Source file 'C:\\inetpub\\wwwroot\\Owlpal\\Web\\Views\\Blog\\Edit.aspx.cs' could not be opened ('Unspecified error ')</p>\r\n<p>error CS1504: Source file 'C:\\inetpub\\wwwroot\\Owlpal\\Web\\Views\\Shared\\EntryForm.ascx.designer.cs' could not be opened ('Unspecified error ')</p>\r\n<p>error CS1504: Source file 'C:\\inetpub\\wwwroot\\Owlpal\\Web\\Views\\Entry\\Add.aspx.cs' could not be opened ('Unspecified error ')</p>\r\n<p>error CS1504: Source file 'C:\\inetpub\\wwwroot\\Owlpal\\Web\\Views\\Entry\\Edit.aspx.cs' could not be opened ('Unspecified error ')</p>\r\n<p>error CS1504: Source file 'C:\\inetpub\\wwwroot\\Owlpal\\Web\\Views\\Entry\\Add.aspx.designer.cs' could not be opened ('Unspecified error ')</p>\r\n<p>error CS1504: Source file 'C:\\inetpub\\wwwroot\\Owlpal\\Web\\Views\\Entry\\Edit.aspx.designer.cs' could not be opened ('Unspecified error ')</p>\r\n<p>error CS1504: Source file 'C:\\inetpub\\wwwroot\\Owlpal\\Web\\Views\\Shared\\EntryForm.ascx.cs' could not be opened ('Unspecified error ')</p>\r\n</span>\r\n",
    "PostedDate": "2009-04-13T23:18:33.013-07:00",
    "UserRole": null,
    "MarkedAsAnswerDate": null
  }
]